[
    {
        "heading": "Publications",
        "content": "Once again, we are proud to offer you the special Momentum – Sibos edition* magazine. In this edition, we offer thoughts and perspectives on Dodd Frank and Basel III and its impact, the changing landscape of trade and payments, advances in FX technology, and updates on our products and services. We hope you enjoy this edition. We also have our brand new Wells Fargo Global Insights newsletter launching very soon. Each quarter, you can read the latest news on financial institutions and get economic and product updates. You can also watch a video message from GFI business head, Chuck Silverman.  Just sign up for the new Wells Fargo Global Insights newsletter by emailing GFI@wellsfargo.com.\\n\\nFinally, we have also launched a new GFI podcast where you can hear commentary from our business leaders and economists about trends and issues facing the financial institutions industry. Sign up by visiting wellsfargo.com/com/international/podcasts or by subscribing via iTunes."
    }
]
