[
    {
        "heading": "About Wells Fargo",
        "content": "As one of the largest banks in the United States, Wells Fargo is among the top five globally in terms of market capitalization. Founded in 1852 and headquartered in San Francisco, we provide banking, insurance, investments, mortgage, and consumer and commercial finance through various distribution channels. We also have offices in more than 35 countries to support our customers who conduct business in the global economy.\\n\\nWells Fargo serves one third of all U.S. businesses. For decades we’ve adhered to the same vision: We want to satisfy all our customers’ financial needs and help them succeed financially. The Global Financial Institutions team carries out that vision by serving the increasing financial needs of financial institutions, central banks, multi-laterals, sovereign wealth funds, and non-bank financial institutions in the markets where we conduct business."
    },
    {
        "heading": "Our global presence includes:",
        "content": ""
    },
    {
        "heading": "*",
        "content": "Worldwide reach with over 35 overseas offices and branch locations in Hong Kong, London, Seoul, Shanghai, Singapore, Taipei, Tokyo, and the Cayman Islands"
    },
    {
        "heading": "*",
        "content": "More than 3,000 team members covering the global needs of our clients Relationships with over 3,000 financial institutions overseas and in the U.S."
    },
    {
        "heading": "*",
        "content": "Supporting customers in over 130 countries"
    },
    {
        "heading": "*",
        "content": "To learn more, just click on the links in the ‘Resources’ section, or visit wellsfargo.com/international."
    },
    {
        "heading": "Resources",
        "content": "Learn more about Wells Fargo"
    },
    {
        "heading": "*",
        "content": "LINKS/ today"
    },
    {
        "heading": "*",
        "content": "LINKS/ social"
    }
]
