[
    {
        "heading": "Charitable giving",
        "content": "(Together, we can make a difference)\\n\\nAt Wells Fargo, we understand that investing in our communities is a way for us to help create future economic growth and prosperity in the communities where we live and work. If they prosper, so do we. Working together, we provide support to education, human services, community development, the arts, the environment, and much more.\\n\\nIn 2011, Wells Fargo contributed $213.5 million to 25,000 nonprofits, and provided $3.4 billion in community development investments. Team members donated $63.9 million and volunteered 1.5 million hours to 28,000 nonprofits and schools.\\n\\nAnd now, by working together with you, we can make a difference in our international communities. For the second year in a row, when you attend our Wells Fargo Sibos reception, you can vote on which of the four featured nonprofits that make a difference around the world will receive a donation. On your behalf, Wells Fargo will donate a total of USD $10,000 to these four charities based on your votes."
    },
    {
        "heading": "Program Results",
        "content": "See the results from your recommendations:\\n\\n/Giving/..."
    }
]
