[
    {
        "heading": "Save the Children",
        "content": "When disaster strikes around the world, Save the Children is there to provide immediate assistance and save lives with food, medical care, and education. Save the Children remains to help communities rebuild through long-term recovery programs. On an ongoing basis, Save the Children works to resolve struggles that children face every day — poverty, hunger, illiteracy, and disease. Save the Children operates in 120 countries on six continents, serving and providing support to 64 million children."
    },
    {
        "heading": "East Africa Food Crisis — Kenya",
        "content": "Africa is the second-largest and second most-populous continent. Home to one billion people, it accounts for nearly 15% of the world’s population. In 2011, a deadly food crisis across East Africa claimed tens of thousands of lives and left millions destitute and hungry. In Kenya alone, Save the Children:"
    },
    {
        "heading": "*",
        "content": "Reached over 850,000 people, including 250,000 with vital, lifesaving health work."
    },
    {
        "heading": "*",
        "content": "Works hard to strengthen the government’s health system through training of local community health workers."
    },
    {
        "heading": "*",
        "content": "Continues to work with children in the Dadaab refugee camp (the world’s largest refugee camp) who have been deeply affected by the ongoing civil war in Somalia."
    },
    {
        "heading": "To learn more, visit ",
        "content": "[savethechildren.org]. LINKS/ stc"
    }
]
