[
    {
        "heading": "JEN",
        "content": "JEN provides both economic and mental support to people who have been stricken with hardship due to conflicts and disasters. Every human being has a precious life of equal value and JEN aims to foster a world in which we all respect and understand each other, mutually support one another, and live with self-confidence. JEN has helped people in Africa, Eastern Europe, the Middle East, Asia-Pacific, India, and Latin America."
    },
    {
        "heading": "Relief Assistance for Tohoku Earthquake",
        "content": "On March 11, 2011, a magnitude 9.0 earthquake — the largest ever recorded in Japan — struck off the coast, with a resulting tsunami. Over 20,000 people were reported dead or missing and 20,000 houses were destroyed. 300,000 people lost their homes. Through one project, JEN is organizing volunteers to assist those displaced in Sendai City, Miyagi Prefecture, Tohoku Region. The project seeks to:"
    },
    {
        "heading": "*",
        "content": "Provide soup kitchens to address food shortage issues."
    },
    {
        "heading": "*",
        "content": "Move sludge from homes devastated by the tsunami."
    },
    {
        "heading": "*",
        "content": "Support displaced people in camps, while supporting a return to their own houses."
    },
    {
        "heading": "*",
        "content": "Assess needs to improve the quality of life of people affected by earthquakes and tsunami through long-term planning."
    },
    {
        "heading": "To learn more, visit ",
        "content": "[habitat.org]. LINKS/ h4hi"
    }
]
