[
    {
        "heading": "Habitat for Humanity International",
        "content": "Habitat for Humanity International is dedicated to providing simple, decent, and affordable housing for low-income families around the world, regardless of race or religion.\\n\\nThe world is experiencing a global housing crisis. About 1.6 billion people live in substandard housing and 100 million are homeless. In 2011, Habitat for Humanity served 81,399 families worldwide. As a result, about a quarter of a million more people are living in better housing, and are equipped to improve their lives and their livelihoods.\\n\\nEach year, Wells Fargo team members volunteer with Habitat for Humanity all around the world, including Dublin, Hong Kong, London, Johannesburg, Shanghai, and throughout the U.S."
    },
    {
        "heading": "Providing decent, affordable housing solutions internationally",
        "content": "Here are a few recent milestones for Habitat for Humanity International:"
    },
    {
        "heading": "*",
        "content": "Served 13,503 families in 18 countries in Africa and the Middle East."
    },
    {
        "heading": "*",
        "content": "Habitat partners with established microfinance institutions to provide low-income families with housing loans through the MicroBuild fund; in India alone, more than 60,000 families will be the recipients of these small loans over the next five years."
    },
    {
        "heading": "*",
        "content": "In Europe and Central Asia, the “I Rebuild Hope” campaign raised more than $550,000 in cash and $290,000 in construction materials in response to the Romanian floods in 2010."
    },
    {
        "heading": "*",
        "content": "In 2011, the Latin American and Caribbean regions saw 5,734 new homes built, 3,478 homes rehabilitated, and 5,422 more repaired."
    },
    {
        "heading": "To learn more, visit ",
        "content": "[habitat.org]. LINKS/ h4hi"
    }
]
